PRODUCTO,MINIMO,MAXIMO,PROMEDIO
monina,4.1,8.2,5.467363339911703
basico,6.1,10.4,7.450699304367279
general,5.1,9.4,6.414820600411449
premium,3.1,7.4,4.429473685859738
